{
  "contributions_per_query": {
    "q10": 1.3700174479070228,
    "q25": 2.7469159531056304,
    "q50": 4.810011317455463,
    "q75": 5.647161024340134,
    "q90": 6.514971248353791,
    "observed_values": [
      5.462594170820101,
      0.7355204566672465,
      4.9855917316663945,
      1.5011169869071908,
      4.812317395901839,
      2.983850790435963,
      2.9905179180236257,
      1.1677794965445447,
      6.973219035795628,
      7.313210153070592,
      3.966267037388502,
      6.858416735516859,
      1.1746087358668236,
      4.8077052390090875,
      6.247143794696024,
      6.421037076196126,
      5.072582281990055,
      6.476810638669005,
      5.017779164820327,
      3.2971383244559394,
      2.0034077039503932,
      6.082049515480353,
      4.456352321675239,
      4.983462799024468,
      2.0123421269031136,
      5.708683308846811,
      2.9419246051965544,
      2.6819130690753226,
      1.3917295270226004,
      4.873884088777627
    ]
  },
  "chunk_contributions": {
    "q10": 0.023072269003046007,
    "q25": 0.0626369380384986,
    "q50": 0.18530006497993218
  },
  "distinct_effective_sources_per_query": {
    "q10": 3.0,
    "q25": 4.0,
    "q50": 5.0,
    "q75": 6.75,
    "q90": 8.0,
    "observed_values": [
      6,
      3,
      7,
      3,
      7,
      4,
      7,
      2,
      3,
      8,
      5,
      3,
      2,
      8,
      4,
      8,
      6,
      11,
      5,
      6,
      5,
      5,
      4,
      7,
      6,
      6,
      4,
      6,
      5,
      5
    ]
  }
}