{
  "normalization_params": {
    "a": 0.7221635566783614,
    "b": 2.416308641433716,
    "std_global": 2.56985710269929
  },
  "contributions_per_query": {
    "q10": 1.3834453923573757,
    "q25": 2.0816149624854385,
    "q50": 4.741878616631695,
    "q75": 5.838014525895704,
    "q90": 6.454511236741661,
    "observed_values": [
      5.228315008010129,
      6.39807243033006,
      3.640805721590696,
      7.09957395810639,
      6.478699296632347,
      7.011978500340641,
      6.239023986521299,
      2.074757114511112,
      4.799156453563793,
      1.8655778305178947,
      6.010264894106558,
      4.773085925012413,
      4.292102664158058,
      0.6080121661929654,
      6.19056750604374,
      6.580748168457081,
      5.931338070954946,
      4.733222734635505,
      0.48107000634829883,
      2.121285928293356,
      4.750534498627886,
      5.195479680049226,
      3.4813173334743674,
      3.393961739349299,
      1.3377621189218103,
      5.506637199996965,
      3.312861196339043,
      5.558043890717978,
      2.102188506408418,
      1.4900396970403618,
      1.8298296774249851,
      1.788895196627988,
      0.7628683442844698,
      4.9578086078957675
    ]
  },
  "chunk_contributions": {
    "q10": 0.014686931909418454,
    "q25": 0.058709287042839765,
    "q50": 0.20433298112831066
  },
  "effective_sources_per_query": {
    "q10": 2.0,
    "q25": 3.0,
    "q50": 4.0,
    "q75": 6.0,
    "q90": 7.0,
    "observed_values": [
      7,
      3,
      3,
      3,
      3,
      6,
      6,
      2,
      8,
      3,
      5,
      2,
      9,
      3,
      3,
      7,
      4,
      2,
      1,
      6,
      4,
      8,
      6,
      5,
      3,
      6,
      4,
      5,
      6,
      5,
      6,
      3,
      2,
      4
    ]
  }
}