{
  "normalization_params": {
    "a": 0.7480739472426667,
    "b": 0.38292473554611206,
    "std_global": 2.3818688614459558
  },
  "contributions_per_query": {
    "q10": 1.4889273961823444,
    "q25": 2.7507533074539587,
    "q50": 4.7002024997022565,
    "q75": 5.923686402779511,
    "q90": 6.582263586629383,
    "observed_values": [
      5.434136339377078,
      0.6415414013760876,
      5.139171137568823,
      1.2262184593062093,
      4.908241827054931,
      3.086609610829451,
      3.1950747219151543,
      1.0640733675111698,
      6.763738555320796,
      7.301836961217802,
      3.5808266435667933,
      6.801221323643101,
      1.5181172780574703,
      4.757602507909613,
      6.3272674656809915,
      6.36076025374294,
      5.131428129523049,
      6.562099701219226,
      5.056719479129426,
      3.885581733361852,
      2.038392101229862,
      6.146346722190233,
      4.505106134379105,
      5.0631731020376005,
      2.0519612663916953,
      6.086869757246989,
      3.043226261486634,
      2.6532623227764,
      1.5968716254937492,
      4.6428024914948995
    ]
  },
  "chunk_contributions": {
    "q10": 0.025444059132249505,
    "q25": 0.06404099490559674,
    "q50": 0.19867579931110538
  },
  "effective_sources_per_query": {
    "q10": 2.0,
    "q25": 4.0,
    "q50": 5.0,
    "q75": 7.0,
    "q90": 7.100000000000001,
    "observed_values": [
      5,
      2,
      7,
      3,
      6,
      4,
      7,
      2,
      3,
      7,
      5,
      2,
      1,
      8,
      4,
      8,
      7,
      11,
      5,
      7,
      4,
      4,
      3,
      7,
      6,
      7,
      4,
      5,
      4,
      5
    ]
  }
}