{
  "a": 0.8424886513414985,
  "b": 2.745258331298828
}